-- MySQL dump 10.13  Distrib 5.1.57, for redhat-linux-gnu (x86_64)
--
-- Host: localhost    Database: a2531288_misc
-- ------------------------------------------------------
-- Server version	5.1.57
/*!40103 SET @OLD_TIME_ZONE=@@TIME_ZONE */;
/*!40103 SET TIME_ZONE='+00:00' */;
/*!40014 SET @OLD_UNIQUE_CHECKS=@@UNIQUE_CHECKS, UNIQUE_CHECKS=0 */;
/*!40014 SET @OLD_FOREIGN_KEY_CHECKS=@@FOREIGN_KEY_CHECKS, FOREIGN_KEY_CHECKS=0 */;
/*!40101 SET @OLD_SQL_MODE=@@SQL_MODE, SQL_MODE='NO_AUTO_VALUE_ON_ZERO' */;
/*!40111 SET @OLD_SQL_NOTES=@@SQL_NOTES, SQL_NOTES=0 */;

--
-- Table structure for table `administrador`
--

DROP TABLE IF EXISTS `administrador`;
/*!40101 SET @saved_cs_client     = @@character_set_client */;
/*!40101 SET character_set_client = utf8 */;
CREATE TABLE `administrador` (
  `id_admin` int(11) NOT NULL AUTO_INCREMENT,
  `usuario` text COLLATE utf8_spanish_ci NOT NULL,
  `pass` text COLLATE utf8_spanish_ci NOT NULL,
  PRIMARY KEY (`id_admin`)
) ENGINE=MyISAM AUTO_INCREMENT=2 DEFAULT CHARSET=utf8 COLLATE=utf8_spanish_ci;
/*!40101 SET character_set_client = @saved_cs_client */;

--
-- Dumping data for table `administrador`
--

LOCK TABLES `administrador` WRITE;
/*!40000 ALTER TABLE `administrador` DISABLE KEYS */;
INSERT INTO `administrador` VALUES (1,'admin','admin');
/*!40000 ALTER TABLE `administrador` ENABLE KEYS */;
UNLOCK TABLES;

--
-- Table structure for table `calles`
--

DROP TABLE IF EXISTS `calles`;
/*!40101 SET @saved_cs_client     = @@character_set_client */;
/*!40101 SET character_set_client = utf8 */;
CREATE TABLE `calles` (
  `id_calle` int(11) NOT NULL AUTO_INCREMENT,
  `descripcion` text COLLATE utf8_spanish_ci NOT NULL,
  PRIMARY KEY (`id_calle`)
) ENGINE=MyISAM AUTO_INCREMENT=2165 DEFAULT CHARSET=utf8 COLLATE=utf8_spanish_ci;
/*!40101 SET character_set_client = @saved_cs_client */;

--
-- Dumping data for table `calles`
--

LOCK TABLES `calles` WRITE;
/*!40000 ALTER TABLE `calles` DISABLE KEYS */;
INSERT INTO `calles` VALUES (1,'Anasagasti'),(2,'Ancaste'),(3,'Ancon'),(4,'Anchoris'),(5,'Andalgala'),(6,'Andalucia'),(7,'Andonaegui'),(8,'Andorra'),(9,'Angaco'),(10,'Ankara'),(11,'Antequera'),(12,'Antezana'),(13,'Antofagasta'),(14,'AÑAsco'),(15,'Apule'),(16,'Aquino'),(17,'Araoz'),(18,'Araujo'),(19,'Arcamendia'),(20,'Arce'),(21,'Arcos'),(22,'Arenales'),(23,'Arengreen'),(24,'Arevalo'),(25,'ArgaÑAras'),(26,'Argelia'),(27,'Argerich'),(28,'Arias'),(29,'Ariel'),(30,'Arismendi'),(31,'Arizona'),(32,'Armenia'),(33,'Aroma'),(34,'Aromo'),(35,'Arquimedes'),(36,'Arregui'),(37,'ArribeÑOs'),(38,'Arriola'),(39,'Arrotea'),(40,'Arroyo'),(41,'Artilleros'),(42,'Ascasubi'),(43,'Asia'),(44,'Asuncion'),(45,'Atacalco'),(46,'Atahualpa'),(47,'Atenas'),(48,'Atuel'),(49,'Australia'),(50,'Austria'),(51,'Avalos'),(52,'Avalle'),(53,'Ayacucho'),(54,'Ayolas'),(55,'Ayui'),(56,'Azara'),(57,'Azcuenaga'),(58,'Azopardo'),(59,'Azul'),(60,'Acassuso'),(61,'Acevedo'),(62,'Aconcagua'),(63,'Acoyte'),(64,'Achala'),(65,'Achaval'),(66,'Achega'),(67,'Achira'),(68,'Achupallas'),(69,'Agaces'),(70,'Agrelo'),(71,'Aguaribay'),(72,'Aguero'),(73,'Aguilar'),(74,'Aguirre'),(75,'Aime'),(76,'Paine'),(77,'Aizpurua'),(78,'Alagon'),(79,'Albania'),(80,'AlbariñO'),(81,'Albarracin'),(82,'Alberti'),(83,'Alcaraz'),(84,'Alemania'),(85,'Alfarero'),(86,'Algarrobo'),(87,'Alicante'),(88,'Alippi'),(89,'Almagro'),(90,'Alpatacal'),(91,'Altolaguirre'),(92,'Alvarado'),(93,'Alzaga'),(94,'Allende'),(95,'Amalia'),(96,'Amambay'),(97,'Amancay'),(98,'Amberes'),(99,'Amenabar'),(100,'Ampere'),(101,'Amsterdam'),(102,'Andres Arguibel'),(103,'Andres Bello'),(104,'Andres Bianchi'),(105,'Andres Ferreyra'),(106,'Andres Lamas'),(107,'Angel De Roffo'),(108,'Anselmo Saenz Valiente'),(109,'Antartida Argentina'),(110,'Antonino M Ferrari'),(111,'Antonio L Zolezzi'),(112,'Antonio Machado'),(113,'Arnaldo D\'Esposito'),(114,'Aristobulo Del Valle'),(115,'Arturo Capdevila'),(116,'Arturo Jauretche'),(117,'Arturo Toscanini'),(118,'Arzobispo Espinosa'),(119,'Autopista Perito Moreno'),(120,'Av 27 De Febrero'),(121,'Av 9 De Julio'),(122,'Av Adolfo Berro'),(123,'Av Albarellos'),(124,'Av Almafuerte'),(125,'Av Almte Brown'),(126,'Av Alvarez Jonte'),(127,'Av Alvarez Jonte Bajada'),(128,'Av Alvarez Thomas'),(129,'Av Alvear'),(130,'Av Amancio Alcorta'),(131,'Av Argentina'),(132,'Av Asamblea'),(133,'Av Asturias'),(134,'Av Avellaneda'),(135,'Av Belgrano'),(136,'Av Belisario Roldan'),(137,'Av Boedo'),(138,'Av Boyaca'),(139,'Av Bruix'),(140,'Av Cabildo'),(141,'Av Callao'),(142,'Av Canonigo Miguel C Del Corro'),(143,'Av Carabobo'),(144,'Av Carlos J Finlay'),(145,'Av Casares'),(146,'Av Caseros'),(147,'Av Cdoro Martin Rivadavia'),(148,'Av Cnl Cardenas'),(149,'Av Coronel Diaz'),(150,'Av Cnl Niceto Vega'),(151,'Av Cnl Roca'),(152,'Av Cobo'),(153,'Av Colombia'),(154,'Av Comodoro Py'),(155,'Av Corbeta Uruguay'),(156,'Av Cordoba'),(157,'Av Corrientes'),(158,'Av Costanera Int Hernan Giralt'),(159,'Av Costanera Rafael Obligado'),(160,'Av Crisologo Larralde'),(161,'Av Curapaligue'),(162,'Av Chiclana'),(163,'Av Chorroarin'),(164,'Av Daract'),(165,'Av De La Rabida'),(166,'Av De Las Caballerizas'),(167,'Av De Los Constituyentes'),(168,'Av De Los Corrales'),(169,'Av De Los Incas'),(170,'Av De Los Inmigrantes'),(171,'Av De Los Italianos'),(172,'Av De Mayo'),(173,'Av Del Barco Centenera'),(174,'Av Del Campo'),(175,'Av Del Fomentista'),(176,'Av Del Libertador'),(177,'Av Derqui'),(178,'Av Diaz Velez'),(179,'Av Directorio'),(180,'Av Don Pedro De Mendoza'),(181,'Av Dorrego'),(182,'Av Dr Achaval Rodriguez'),(183,'Av Dr Honorio Pueyrredon'),(184,'Av Dr Jose M Ramos Mejia'),(185,'Av Dr Ricardo Balbin'),(186,'Av Dr Romulo S Naon'),(187,'Av Dr V Alsina'),(188,'Av Eduardo Madero'),(189,'Av Elcano'),(190,'Av Emilio Castro'),(191,'Av Entre Rios'),(192,'Av Ericson'),(193,'Av Ernesto Tornquist'),(194,'Av España'),(195,'Av Eva Peron'),(196,'Av Federico Lacroze'),(197,'Av Fernandez De La Cruz'),(198,'Av Forest'),(199,'Av Francisco Beiro'),(200,'Av Gaona'),(201,'Av Garcia Del Rio'),(202,'Av Garmendia'),(203,'Av German Burmeister'),(204,'Av Grl Benjamin Victorica'),(205,'Av Grl Enrique Mosconi'),(206,'Av Grl Gelly Y Obes'),(207,'Av Grl Indalecio Chenaut'),(208,'Av Grl Las Heras'),(209,'Av Grl Paz'),(210,'Av Guillermo Udaondo'),(211,'Av Honduras'),(212,'Av Independencia'),(213,'Av Infanta Isabel'),(214,'Av Ing Huergo'),(215,'Av Ing Jose N Quartino'),(216,'Av Int Bullrich'),(217,'Av Int Carlos Noel'),(218,'Av Int Francisco Rabanal'),(219,'Av Int Guiraldes'),(220,'Av Iraola'),(221,'Av Jose Fagnano'),(222,'Av Jose Maria Moreno'),(223,'Av Juan B Justo'),(224,'Av Juan Bautista Alberdi'),(225,'Av Juan De Garay'),(226,'Av Jujuy'),(227,'Av La Plata'),(228,'Av Lacarra'),(229,'Av Lafuente'),(230,'Av Larrazabal'),(231,'Av Leandro N Alem'),(232,'Av Leopoldo Lugones'),(233,'Av Lidoro Quinteros'),(234,'Av Lillo'),(235,'Av Lincoln'),(236,'Av Lisandro De La Torre'),(237,'Av Luis Maria Campos'),(238,'Av Manuel Montes De Oca'),(239,'Av Maria Curie'),(240,'Av Martin Garcia'),(241,'Av Melian'),(242,'Av Nazca'),(243,'Av Norberto De La Riestra'),(244,'Av Olazabal'),(245,'Av Olivera'),(246,'Av Olleros'),(247,'Av Parque'),(248,'Av Paseo Colon'),(249,'Av Patricias Argentinas'),(250,'Av Pedro Goyena'),(251,'Av Perito Moreno'),(252,'Av Piedrabuena'),(253,'Av Pinedo'),(254,'Av Pres Figueroa Alcorta'),(255,'Av Pres Julio A Roca'),(256,'Av Pres Manuel Quintana'),(257,'Av Pres Pedro Montt'),(258,'Av Pres Ramon S Castillo'),(259,'Av Pres Roque Saenz PeÑA'),(260,'Av Pueyrredon'),(261,'Av Punta Arenas'),(262,'Av Raul Scalabrini Ortiz'),(263,'Av Regimiento De Patricios'),(264,'Av Reservistas Argentinos'),(265,'Av Rivadavia'),(266,'Av Roentgen'),(267,'Av Rosales'),(268,'Av Saenz'),(269,'Av Salvador Maria Del Carril'),(270,'Av San Isidro'),(271,'Av San Juan'),(272,'Av San Martin'),(273,'Av San Pedrito'),(274,'Av Santa Fe'),(275,'Av Sarmiento'),(276,'Av Segurola'),(277,'Av Tomas Edison'),(278,'Av Triunvirato'),(279,'Av Tte Grl Donato Alvarez'),(280,'Av Tte Grl Luis Dellepiane'),(281,'Av Valentin Alsina'),(282,'Av Velez Sarsfield'),(283,'Av Vernet'),(284,'Av Virrey Vertiz'),(285,'Av Warnes'),(286,'Avelino Diaz'),(287,'Aviador Enrique Adrian Roger'),(288,'Au Dardo Rocha'),(289,'Au 25 De Mayo'),(290,'Athos Palma'),(291,'Angel Gallardo'),(292,'Angel J Carranza'),(293,'Angel M Gimenez'),(294,'Anibal Pedro Arbeletche'),(295,'Anibal Ponce'),(296,'Anibal Troilo'),(297,'Alicia Moreau De Justo'),(298,'Almte Atilio S Barilari'),(299,'Almte Augusto Lasserre'),(300,'Almte Daniel De Solier'),(301,'Almte Juan Francisco Segui'),(302,'Almte Juan Pablo Saenz Valiente'),(303,'Almte Manuel J Garcia'),(304,'Almte Onofre Betbeder'),(305,'Alvar Nuñez'),(306,'Alta Gracia'),(307,'Amadeo Jacques'),(308,'Ambrosio Olmos'),(309,'Americo Vespucio'),(310,'Ana Diaz'),(311,'Ana Maria Janer'),(312,'A Bardi'),(313,'Abraham J Luppi'),(314,'Adolfo Alsina'),(315,'Adolfo Gonzalez Chaves'),(316,'Adolfo P Carranza'),(317,'Adolfo Saldias'),(318,'Agente Ceferino Garcia'),(319,'Agente Domingo Dedico'),(320,'Agustin Alvarez'),(321,'Agustin De Vedia'),(322,'Agustin Magaldi'),(323,'Agustin Mendez'),(324,'Agustin R Caffarena'),(325,'Aguas Buenas'),(326,'Alberto Einstein'),(327,'Alberto Gerchunoff'),(328,'Alberto Williams'),(329,'Alejandro Dumas'),(330,'Alejandro F Mohr'),(331,'Alejandro M De Aguado'),(332,'Alejandro MagariñOs Cervantes'),(333,'Alferez De Fragata J Ribas'),(334,'Alfonsina Storni'),(335,'Alfonso Rodriguez'),(336,'Alfredo Bufano'),(337,'Alfredo Colmo'),(338,'Alfredo Gramajo Gutierrez'),(339,'Alfredo Guttero'),(340,'Alfredo Palacios'),(341,'Bacacay'),(342,'Bacon'),(343,'Baez'),(344,'Bahia'),(345,'Bahia Blanca'),(346,'Baigorri'),(347,'Baigorria'),(348,'Balbastro'),(349,'Balboa'),(350,'Balcarce'),(351,'Baldomero Fernandez Moreno'),(352,'Baltasar De Unquera'),(353,'Ballivian'),(354,'Baradero'),(355,'BaragaÑA'),(356,'Barca Cabo De Hornos'),(357,'Barcala'),(358,'Barcelona'),(359,'Bariloche'),(360,'Barragan'),(361,'Barrientos'),(362,'Bartolome Hidalgo'),(363,'Bartolome Mitre'),(364,'Barzana'),(365,'Basilio Cittadini'),(366,'Basilio Hall'),(367,'Basualdo'),(368,'Batalla Del Pari'),(369,'Bathurst'),(370,'Bauness'),(371,'Bazurco'),(372,'Beauchef'),(373,'Beazley'),(374,'Beethoven'),(375,'Behring'),(376,'Belen'),(377,'Belfast'),(378,'Belgica'),(379,'Belgrado'),(380,'Bell Ville'),(381,'Bella Vista'),(382,'Benito Juarez'),(383,'Benito Perez Galdos'),(384,'Benito Quinquela Martin'),(385,'Benjamin Lavaysse'),(386,'Benjamin VillafaÑE'),(387,'Bergantin Congreso Nacional'),(388,'Bergantin Echague'),(389,'Bergantin Goleta Grl Espora'),(390,'Bergantin Grl Balcarce'),(391,'Bergantin Grl Belgrano'),(392,'Bergantin Nancy'),(393,'Bergartin Vigilante'),(394,'Berlin'),(395,'Bermejo'),(396,'Bermudez'),(397,'Berna'),(398,'Bernal'),(399,'Bernaldes'),(400,'Bernardo De Irigoyen'),(401,'Bernardo De Leon'),(402,'Beron De Astrada'),(403,'Berthelot'),(404,'Bertres'),(405,'Beruti'),(406,'Besares'),(407,'Bethlem'),(408,'Beyrouth'),(409,'Bialet Masse'),(410,'Biarritz'),(411,'Bibiloni'),(412,'Billinghurst'),(413,'Blanco Encalada'),(414,'Blandengues'),(415,'Bogado'),(416,'Bogota'),(417,'BolaÑOs'),(418,'Bolivar'),(419,'Bolivia'),(420,'Bolonia'),(421,'Bollini'),(422,'Bombay'),(423,'Bonpland'),(424,'Boqueron'),(425,'Boston'),(426,'Bouchard'),(427,'Boulogne Sur Mer'),(428,'Bragado'),(429,'Brandsen'),(430,'Brasil'),(431,'Bravard'),(432,'Bruselas'),(433,'Bucarelli'),(434,'Bucarest'),(435,'Budapest'),(436,'Bueras'),(437,'Bulgaria'),(438,'Bulnes'),(439,'Burela'),(440,'Bv Azucena Villaflor'),(441,'Bv Cecilia Grierson'),(442,'Bv Macacha Guemes'),(443,'Bynon'),(444,'Byron'),(445,'C Ratti'),(446,'Caaguazu'),(447,'Caballito'),(448,'Cabello'),(449,'Cabo Fels Pablo'),(450,'Cabot'),(451,'Caboto'),(452,'Cacique'),(453,'Cacheuta'),(454,'Cachi'),(455,'Cachimayo'),(456,'Cadete Carlos Larguia'),(457,'Cadete Jorge Guemes Torino'),(458,'Cadiz'),(459,'Cafayate'),(460,'Cagliari'),(461,'Cajaravilla'),(462,'Calabria'),(463,'Calcena'),(464,'Caldas'),(465,'Calden'),(466,'Calfucura'),(467,'California'),(468,'Calingasta'),(469,'Calzada Circular'),(470,'Calle 1'),(471,'Calle 10'),(472,'Calle 12'),(473,'Calle 13'),(474,'Calle 14'),(475,'Calle 4'),(476,'Calle 5'),(477,'Calle 7'),(478,'Calle 9'),(479,'Camacua'),(480,'Camargo'),(481,'Camarones'),(482,'Caminito'),(483,'Camino De La Granja'),(484,'Camino De Los Granaderos'),(485,'Camino Del Hornero'),(486,'Camoati'),(487,'Campana'),(488,'Campichuelo'),(489,'Campillo'),(490,'Campos Salles'),(491,'Canada'),(492,'Candelaria'),(493,'Candido Lopez'),(494,'Cangallo'),(495,'Cangaye'),(496,'Cantilo'),(497,'CaÑAda De Gomez'),(498,'CaÑOnera America'),(499,'CaÑUelas'),(500,'Cap Claudio Rosales'),(501,'Cap Grl Ramon Freire'),(502,'Cap Samuel Spiro'),(503,'Capdevila'),(504,'Caperucita'),(505,'Carabelas'),(506,'Caracas'),(507,'Caranday'),(508,'Carapachay'),(509,'Carbajal'),(510,'Cardoso'),(511,'Carhue'),(512,'Caricancha'),(513,'Carlos Antonio Lopez'),(514,'Carlos Berg'),(515,'Carlos Calvo'),(516,'Carlos Carranza'),(517,'Carlos Chagas'),(518,'Carlos E Pellegrini'),(519,'Carlos E Zuberbuhler'),(520,'Carlos Echague'),(521,'Carlos Encina'),(522,'Carlos F Melo'),(523,'Carlos Gardel'),(524,'Carlos Javier Benielli'),(525,'Carlos Lopez Buchardo'),(526,'Carlos Maria Della Paolera'),(527,'Carlos Maria Ramirez'),(528,'Carlos Molina Arrotea'),(529,'Carlos Morel'),(530,'Carlos Ortiz'),(531,'Carlos Pellegrini'),(532,'Carlos Spegazzini'),(533,'Carlos Tomas Sourigues'),(534,'Carlos Vega Belgrano'),(535,'Carmen Balandra'),(536,'Carola Lorenzini'),(537,'Carolina Muzilli'),(538,'Caroya'),(539,'Carrasco'),(540,'Casacuberta'),(541,'Casafoust'),(542,'Casco'),(543,'CastaÑAres'),(544,'CastaÑEda'),(545,'CastaÑOn'),(546,'Castelli'),(547,'Castex'),(548,'Castillo'),(549,'Castro'),(550,'Castro Barros'),(551,'Catamarca'),(552,'Catania'),(553,'Catriel'),(554,'Catulo Castillo'),(555,'Cavia'),(556,'Cayasta'),(557,'Cayetano A Silva'),(558,'Cazadores'),(559,'Centenario'),(560,'Ceretti'),(561,'Cerrillos'),(562,'Cerrito'),(563,'CerviÑO'),(564,'Cesar H Bacle'),(565,'Cespedes'),(566,'Cipolletti'),(567,'Ciudad De La Paz'),(568,'Ciudad De Sabadell'),(569,'Ciudadela'),(570,'Clay'),(571,'Clemente Diez De Medina'),(572,'Clte Martin Guerrico'),(573,'Cmdro Clodomiro Urtubey'),(574,'Cmdro Pedro Zanni'),(575,'Cmdte Francisco Carbonari'),(576,'Cmte Celedonio Escalada'),(577,'Cnl Antonio Susini'),(578,'Cnl Apolinario De Figueroa'),(579,'Cnl Benito Meana'),(580,'Cnl Cabrer'),(581,'Cnl Esteban Bonorino'),(582,'Cnl Jose Olegario Gordillo'),(583,'Cnl Luis Jorge Fontana'),(584,'Cnl Manuel J Olascoaga'),(585,'Cnl Marcelino E Freyre'),(586,'Cnl Martiniano Chilavert'),(587,'Cnl Nicolas Granada'),(588,'Cnl Pagola'),(589,'Cnl Pedro Andres Garcia'),(590,'Cnl Ramon L Falcon'),(591,'Cnl Ramon Lista'),(592,'Cnl Rico'),(593,'Cnl Rohde'),(594,'Cnl Salvadores'),(595,'Cochabamba'),(596,'Cochico'),(597,'Cochrane'),(598,'Coligue'),(599,'Coliqueo'),(600,'Colombres'),(601,'Colonia'),(602,'Colpayo'),(603,'Columbia'),(604,'Combate De Costa Brava'),(605,'Combate De Los Pozos'),(606,'Combate De San Carlos'),(607,'Combatientes De Malvinas'),(608,'Comod Ceferino Ramirez'),(609,'Concepcion Arenal'),(610,'Concordia'),(611,'Condarco'),(612,'Conde'),(613,'Condor'),(614,'Conesa'),(615,'Congreso'),(616,'Constantino Gaito'),(617,'Constantino Vigill'),(618,'Constantinopla'),(619,'Constitucion'),(620,'Convencion'),(621,'Cooperacion'),(622,'Copahue'),(623,'Copenhague'),(624,'Copernico'),(625,'Corbeta Agreable'),(626,'Corbeta Belfast'),(627,'Corea'),(628,'Corina Kavanagh'),(629,'Coronda'),(630,'Corrales'),(631,'Corrales Viejos'),(632,'Correa'),(633,'Corregidores'),(634,'Cortazar'),(635,'Cortina'),(636,'Corvalan'),(637,'Cosquin'),(638,'Costa Rica'),(639,'Cotagaita'),(640,'Cotocollao'),(641,'Cpto Bernardi'),(642,'Craig'),(643,'Crainqueville'),(644,'Cramer'),(645,'Cranwell'),(646,'Crespo'),(647,'Crio Joaquin Valentin Perez'),(648,'Crisostomo Alvarez'),(649,'Cristobal M Hicken'),(650,'Crucero Gral Belgrano'),(651,'Cruz Del Eje'),(652,'Cruz Del Sur'),(653,'Cuba'),(654,'Cucha Cucha'),(655,'Cuenca'),(656,'Culpina'),(657,'Cullen'),(658,'Cura Brochero'),(659,'Curityba'),(660,'Curupayti'),(661,'Curuzu Cuatia'),(662,'Cuter Luisito'),(663,'Cuyo'),(664,'Cuzco'),(665,'Chacabuco'),(666,'Chaco'),(667,'Chajari'),(668,'Chamical'),(669,'Charcas'),(670,'Charlone'),(671,'Charrua'),(672,'Chascomus'),(673,'Checoslovaquia'),(674,'Chicoana'),(675,'Chile'),(676,'Chilecito'),(677,'Chimborazo'),(678,'China'),(679,'Chiriguanos'),(680,'Chirimay'),(681,'Chivilcoy'),(682,'Chonino'),(683,'Chubut'),(684,'Chumbicha'),(685,'D De Basavilbaso'),(686,'Daguerre'),(687,'Damaso LarraÑAga'),(688,'Danel'),(689,'Dante'),(690,'Dardo Rocha'),(691,'Darregueyra'),(692,'Darwin'),(693,'Davalos J C'),(694,'Davila'),(695,'De La Carcova'),(696,'De La Economia'),(697,'De La Industria'),(698,'De La Tecnica'),(699,'De Las Artes'),(700,'De Las Casuarinas'),(701,'De Las Ciencias'),(702,'De Las Garantias'),(703,'De Las Magnolias'),(704,'De Las Tipas'),(705,'Dean Funes'),(706,'Defensa'),(707,'Deheza'),(708,'Dekay'),(709,'Del Aguaribay'),(710,'Del BaÑAdo'),(711,'Del Buen Orden'),(712,'Del Carmen'),(713,'Del Colegio'),(714,'Del Comercio'),(715,'Del Liquibambar'),(716,'Del Ombu'),(717,'Del Parque'),(718,'Del Progreso'),(719,'Del Signo'),(720,'Del Temple'),(721,'Del Tigre'),(722,'Delambre'),(723,'Delfin Gallo'),(724,'Delgado'),(725,'Della Valle Angel'),(726,'Demaria'),(727,'Desaguadero'),(728,'Deseado'),(729,'Diamante'),(730,'Diaz Colodrero'),(731,'Diego De Olavarrieta'),(732,'Diego De Rojas'),(733,'Diego Fernandez Espiro'),(734,'Dinamarca'),(735,'Diogenes Taborda'),(736,'Dip Nac Osvaldo E Benedetti'),(737,'Doblas'),(738,'Dolores'),(739,'Domingo De Azcuenaga'),(740,'Domingo Romero'),(741,'Don Anselmo Aieta'),(742,'Don Bosco'),(743,'Don Cristobal'),(744,'Don Segundo Sombra'),(745,'Donado'),(746,'Donizetti'),(747,'Dr Adolfo Dickman'),(748,'Dr Alejandro Korn'),(749,'Dr Alejandro Posadas'),(750,'Dr Antonio Bermejo'),(751,'Dr Benjamin Canard'),(752,'Dr Bernardo Velez'),(753,'Dr C Vaz Ferreira'),(754,'Dr David PeÑA'),(755,'Dr Domingo Cabred'),(756,'Dr E Braun Menendez'),(757,'Dr E Del Valle Iberlucea'),(758,'Dr Eduardo Jenner'),(759,'Dr Eduardo Pittaluga'),(760,'Dr Eguia'),(761,'Dr Eleodoro Damianovich'),(762,'Dr Eleodoro Lobos'),(763,'Dr Emilio R Coni'),(764,'Dr Emilio Ravignani'),(765,'Dr Enrique Finochietto'),(766,'Dr Enzo Bordabehere'),(767,'Dr Florentino Ameghino'),(768,'Dr G Martinez Zuviria'),(769,'Dr Gerardo Armauer Hansen'),(770,'Dr Gregorio Araoz Alfaro'),(771,'Dr Guillermo Correa'),(772,'Dr Honorio Leguizamon'),(773,'Dr Horacio Casco'),(774,'Dr Jose Ignacio De La Roza'),(775,'Dr Jose Modesto Giuffra'),(776,'Dr Juan Angel Golfarini'),(777,'Dr Juan Felipe Aranguren'),(778,'Dr Juan Madera'),(779,'Dr Julian Alvarez'),(780,'Dr Luis Agote'),(781,'Dr Luis Belaustegui'),(782,'Dr N Quirno Costa'),(783,'Dr Nicolas Repetto'),(784,'Dr Pedro Ignacio Rivera'),(785,'Dr Pedro Lopez Anaut'),(786,'Dr Pedro Luis BaliÑA'),(787,'Dr R Finochietto'),(788,'Dr R Levene'),(789,'Dr Rafael Bielsa'),(790,'Dr Ramon Carrillo'),(791,'Dr Ricardo Rojas'),(792,'Dr Roberto Levillier'),(793,'Dr Rodolfo Rivarola'),(794,'Dr Teodoro Aubain'),(795,'Dr Tomas Manuel De Anchorena'),(796,'Dr Victorino De La Plaza'),(797,'Dragones'),(798,'Dresco'),(799,'Drumond'),(800,'Dublin'),(801,'Dupuy'),(802,'E Gustavino'),(803,'E Larroque De Roffo'),(804,'Connor  Connor'),(805,'Ecuador'),(806,'Echauri'),(807,'Echeandia'),(808,'Echenagucia'),(809,'Echeverria'),(810,'Amicis Amicis'),(811,'Eduardo Acevedo'),(812,'Eduardo Arolas'),(813,'Eduardo Colombo Leoni'),(814,'Eduardo Costa'),(815,'Eduardo Gutierrez'),(816,'Eduardo Ipocse'),(817,'Eduardo Juan Couture'),(818,'Eduardo Schiaffino'),(819,'Eduardo Sivori'),(820,'Eduardo Wilde'),(821,'El Alfabeto'),(822,'El Araucano'),(823,'El Artesano'),(824,'El Cardenal'),(825,'El Carpintero'),(826,'El Ceibo'),(827,'El Cerro'),(828,'El Cisne'),(829,'El Criollo'),(830,'El Chacho'),(831,'El Chasque'),(832,'El Delta'),(833,'El Domador'),(834,'El Fogon'),(835,'El Fuerte'),(836,'El Gaucho'),(837,'El Hornero'),(838,'El Lazo'),(839,'El Litoral'),(840,'El Maestro'),(841,'El Metodo'),(842,'El Mirasol'),(843,'El Misionero'),(844,'El Nene'),(845,'El ÑAndu'),(846,'El Pampero'),(847,'El Peregrino'),(848,'El Profeta De La Pampa'),(849,'El Quijote'),(850,'El Rancho'),(851,'El Rastreador'),(852,'El Recado'),(853,'El Refran'),(854,'El Salvador'),(855,'El Sauce'),(856,'El Sereno'),(857,'El Tala'),(858,'El Trebol'),(859,'El Trovador'),(860,'El Zonda'),(861,'El Zorzal'),(862,'Elia'),(863,'Elias Bedoya'),(864,'Elpidio Gonzalez'),(865,'Elvira Rawson De Dellepiane'),(866,'Emeric E Vidal'),(867,'Emilio Becher'),(868,'Emilio Castelar'),(869,'Emilio Civit'),(870,'Emilio De Alvear'),(871,'Emilio Lamarca'),(872,'Emilio Mitre'),(873,'Emilio Zola'),(874,'Emir Mercader'),(875,'Emma De La Barra'),(876,'Empedrado'),(877,'Encarnacion Ezcurra'),(878,'Enrique B Moreno'),(879,'Enrique Banchs'),(880,'Enrique De Vedia'),(881,'Enrique MuiÑO'),(882,'Enrique Ochoa'),(883,'Enrique Prins'),(884,'Enrique Santos Discepolo'),(885,'Ensenada'),(886,'Epecuen'),(887,'Epuyen'),(888,'Erasmo'),(889,'Ercilla'),(890,'Erezcano'),(891,'Ernesto A Bavio'),(892,'Escalada'),(893,'Escobar'),(894,'Escribano'),(895,'Esmeralda'),(896,'Espartaco'),(897,'Esparza'),(898,'Espinillo'),(899,'Espinosa'),(900,'Espora'),(901,'Espronceda'),(902,'Esquel'),(903,'Esquina'),(904,'Esquiu'),(905,'Estado De Israel'),(906,'Estados Unidos'),(907,'Estanislao S Zeballo'),(908,'Esteban De Luca'),(909,'Estero Bellaco'),(910,'Esteves Sagui'),(911,'Estivao'),(912,'Estocolmo'),(913,'Estomba'),(914,'Estonia'),(915,'Estrada'),(916,'Estrella Federal'),(917,'Euclides'),(918,'Eugenio Ramirez'),(919,'Evaristo Carriego'),(920,'Ezeiza'),(921,'Ezequiel Soria'),(922,'F Romero'),(923,'Fabre'),(924,'Facundo'),(925,'Falucho'),(926,'Famailla'),(927,'Famatina'),(928,'Faraday'),(929,'Fecundidad'),(930,'Federico Garcia Lorca'),(931,'Federico Ozanam'),(932,'Felipe Vallese'),(933,'Felix Frias'),(934,'Felix Lora'),(935,'Felix O Foullier'),(936,'Fernandez'),(937,'Fernandez Blanco'),(938,'Fernandez De Enciso'),(939,'Fernando De Montalvo'),(940,'Fernando Fader'),(941,'Ferrari'),(942,'Ferre'),(943,'Ferrocarril'),(944,'Filiberto'),(945,'Finlandia'),(946,'Fitz Roy'),(947,'Flor Del Aire'),(948,'Florencio Balcarce'),(949,'Florencio Parravicini'),(950,'Florencio Sanchez'),(951,'Floresta'),(952,'Florida'),(953,'Fonrouge'),(954,'Formosa'),(955,'Fortunato Devoto'),(956,'Fournier'),(957,'Fraga'),(958,'Fragata 25 De Mayo'),(959,'Fragata Cefiro'),(960,'Fragata Halcon'),(961,'Fragata Hercules'),(962,'Fragata La Argentina'),(963,'Fragata Pres Sarmiento'),(964,'Fragata Sarandi'),(965,'Fragata Trinidad'),(966,'Fragueiro'),(967,'Francisco A Maciel'),(968,'Francisco AcuÑA De Figueroa'),(969,'Francisco Bauza'),(970,'Francisco Bilbao'),(971,'Francisco Cafferata'),(972,'Francisco Cuneo'),(973,'Francisco De Uzal'),(974,'Francisco De Viedma'),(975,'Francisco De Vittoria'),(976,'Francisco J Ortiz'),(977,'Francisco Lopez Merino'),(978,'Francisco Maderna'),(979,'Francisco Pizarro'),(980,'Franco'),(981,'Frank Brown'),(982,'Franklin'),(983,'Franklin D Roosevelt'),(984,'Fraternidad'),(985,'Fray Cayetano Rodriguez'),(986,'Fray Justo Santamaria De Oro'),(987,'Fray Luis Beltran'),(988,'French'),(989,'Gabino Ezeiza'),(990,'Gabriel Lafond'),(991,'Gabriela Mistral'),(992,'Galeno'),(993,'Galicia'),(994,'Galileo'),(995,'Galvan'),(996,'Gallardo'),(997,'Gallegos'),(998,'Gallo'),(999,'Gamarra'),(1000,'Gana'),(1001,'Gandara'),(1002,'Garcia De Cossio'),(1003,'Garibaldi'),(1004,'Garro'),(1005,'Gascon'),(1006,'Gaspar Campos'),(1007,'Gaspar M De Jovellanos'),(1008,'Gavilan'),(1009,'Gazeta De Buenos Aires'),(1010,'Gelly'),(1011,'Gena'),(1012,'Gendarmeria Nacional'),(1013,'Genova'),(1014,'Geronimo Cortes'),(1015,'Gibraltar'),(1016,'Gibson'),(1017,'Gilardi Gilardo'),(1018,'Ginebra'),(1019,'Giordano Bruno'),(1020,'Girardot'),(1021,'Giribone'),(1022,'Godoy Cruz'),(1023,'Goleta Fortuna'),(1024,'Goleta Invencible'),(1025,'Goleta Julia'),(1026,'Goleta Juliet'),(1027,'Goleta Maldonado'),(1028,'Goleta Manuelita'),(1029,'Goleta Santa Cruz'),(1030,'Gomez De Fonseca'),(1031,'Goncalves Dias'),(1032,'Gonzalez Catan'),(1033,'Gorostiaga'),(1034,'Gorriti'),(1035,'Goya'),(1036,'Granaderos'),(1037,'Grecia'),(1038,'Gregoria Matorras De San Martin'),(1039,'Gregoria Perez'),(1040,'Gregorio De Laferrere'),(1041,'Grito De Asencio'),(1042,'Griveo'),(1043,'Grl Bng Juan F Quiroga'),(1044,'Grl Cesar Diaz'),(1045,'Grl Corrado E Villegas'),(1046,'Grl Daniel Cerri'),(1047,'Grl De Div Juan Jose Valle'),(1048,'Grl Enrique Martinez'),(1049,'Grl Enrique Spika'),(1050,'Grl Eugenio Garzon'),(1051,'Grl Federico Imuleda'),(1052,'Grl Fructuoso Rivera'),(1053,'Grl Geronimo Espejo'),(1054,'Grl Gregorio Araoz De Lamadrid'),(1055,'Grl Guido'),(1056,'Grl Hornos'),(1057,'Grl Iriarte'),(1058,'Grl Jose Gervasio Artigas'),(1059,'Grl Jose M Bustillo'),(1060,'Grl Juan Gregorio Lemos'),(1061,'Grl Lorenzo Vintter'),(1062,'Grl Lucio Norberto Mansilla'),(1063,'Grl Manuel A Rodriguez'),(1064,'Grl Manuel Nicolas Savio'),(1065,'Grl Manuel Puch'),(1066,'Grl Martin De Gainza'),(1067,'Grl Napoleon Uriburu'),(1068,'Grl Rivas'),(1069,'Grl Urquiza'),(1070,'Grl Venancio Flores'),(1071,'Gual'),(1072,'Gualeguay'),(1073,'Gualeguaychu'),(1074,'Guamini'),(1075,'Guanahani'),(1076,'Guarani'),(1077,'Guardia Nacional'),(1078,'Guardia Vieja'),(1079,'Guatemala'),(1080,'Guayaquil'),(1081,'Guaymallen'),(1082,'Guayquiraro'),(1083,'Guayra'),(1084,'Guemes'),(1085,'Guevara'),(1086,'Guido Y Spano'),(1087,'Guillermo E Granville'),(1088,'Guillermo Hudson'),(1089,'Guipuzcoa'),(1090,'Guise'),(1091,'Gurruchaga'),(1092,'Gustavo Riccio'),(1093,'Gutenberg'),(1094,'Guzman'),(1095,'Habana'),(1096,'Haiti'),(1097,'Hamburgo'),(1098,'Hawaii'),(1099,'Haway'),(1100,'Helguera'),(1101,'Heredia'),(1102,'Hernandarias'),(1103,'Herrera'),(1104,'Hidalgo'),(1105,'Hilario De Almeira'),(1106,'Hinojo'),(1107,'Hipolito Yrigoyen'),(1108,'Hiroshima'),(1109,'Holmberg'),(1110,'Homero'),(1111,'Homero Manzi'),(1112,'Horacio Quiroga'),(1113,'Hortiguera'),(1114,'Hualfin'),(1115,'Huaura'),(1116,'Hubac'),(1117,'Hudson'),(1118,'Huemul'),(1119,'Huergo'),(1120,'Humahuaca'),(1121,'Humaita'),(1122,'Humberto I'),(1123,'Humboldt'),(1124,'Hungria'),(1125,'Husares'),(1126,'IbaÑEz'),(1127,'Ibarrola'),(1128,'Ibera'),(1129,'Icalma'),(1130,'Igualdad'),(1131,'Iguazu'),(1132,'Inca'),(1133,'Inclan'),(1134,'Indalecio Gomez'),(1135,'Indio'),(1136,'Ing Agustin Gonzalez'),(1137,'Ing Enrique Butty'),(1138,'Ing Enrique M Hermitte'),(1139,'Ing Jose Estevez'),(1140,'Ing Julio Krause'),(1141,'Ing Pedro Echague'),(1142,'Int Cantilo'),(1143,'Int Guerrico'),(1144,'Inte Pinedo'),(1145,'Intendente Bunge'),(1146,'Irala'),(1147,'Irigoyen'),(1148,'Irizar J.'),(1149,'Irlanda'),(1150,'Isabel La Catolica'),(1151,'Isidoro Demaria'),(1152,'Isidro Lorea'),(1153,'Islandia'),(1154,'Italia'),(1155,'Itaqui'),(1156,'Iturri'),(1157,'Ituzaingo'),(1158,'J V Gonzalez'),(1159,'Jacaranda'),(1160,'Jacinto Verdaguer'),(1161,'Jacobo Adrian Varela'),(1162,'Jachal'),(1163,'Jaramillo'),(1164,'Jean Jaures'),(1165,'Jeronimo Salguero'),(1166,'Joaquin Castellanos'),(1167,'Joaquin Gomez Somavilla'),(1168,'Joaquin V Gonzalez'),(1169,'John F Kennedy'),(1170,'John W Cooke'),(1171,'Jorge'),(1172,'Jorge Bermudez'),(1173,'Jorge Chavez'),(1174,'Jorge Luis Borges'),(1175,'Jorge Newbery'),(1176,'Jose A Cortejarena'),(1177,'Jose A Pacheco De Melo'),(1178,'Jose A Salmun Feijoo'),(1179,'Jose A Terry'),(1180,'Jose Antonio Cabrera'),(1181,'Jose Barros Pazos'),(1182,'Jose Bonifacio'),(1183,'Jose Borches'),(1184,'Jose C Paz'),(1185,'Jose Celedonio Balbin'),(1186,'Jose Cubas'),(1187,'Jose De La Quintana'),(1188,'Jose De Maturana'),(1189,'Jose De Paula Y Rodriguez Alves'),(1190,'Jose E Carballido'),(1191,'Jose Enrique Rodo'),(1192,'Jose Gola'),(1193,'Jose Hernandez'),(1194,'Jose Ignacio Rucci'),(1195,'Jose Ingenieros'),(1196,'Jose J Podesta'),(1197,'Jose Juan Biedma'),(1198,'Jose Julian Perez'),(1199,'Jose Leon Cabezon'),(1200,'Jose Leon Pagano'),(1201,'Jose Leon Suarez'),(1202,'Jose Luis Cantilo'),(1203,'Jose Maria Calaza'),(1204,'Jose Marmol'),(1205,'Jose Marti'),(1206,'Jose Ortega Y Gasset'),(1207,'Jose P Batlle Y OrdoÑEz'),(1208,'Jose P Tamborini'),(1209,'Jose Pazos'),(1210,'Jose Pedro Varela'),(1211,'Jose Pio Mujica'),(1212,'Jose R Baltore'),(1213,'Jose Varas'),(1214,'Jose Verdi'),(1215,'Jose Verdier'),(1216,'Juan A Boeri'),(1217,'Juan A Buschiazzo'),(1218,'Juan Agustin Garcia'),(1219,'Juan Amadeo De Baldrich'),(1220,'Juan B Ambrosetti'),(1221,'Juan B Primoli'),(1222,'Juan Bautista Jantin'),(1223,'Juan Carlos Gomez'),(1224,'Juan Chassaing'),(1225,'Juan Darquier'),(1226,'Juan De Castro'),(1227,'Juan De Dios Filiberto'),(1228,'Juan De Solorzano Pereira'),(1229,'Juan Del Castillo'),(1230,'Juan Esteban Martinez'),(1231,'Juan F Bateman'),(1232,'Juan Francisco De La Robla'),(1233,'Juan Francisco Olmos'),(1234,'Juan Francisco Segui'),(1235,'Juan Jacobo Rousseau'),(1236,'Juan Jose Naon'),(1237,'Juan Leon Palliere'),(1238,'Juan M Coghlan'),(1239,'Juan M Thome'),(1240,'Juan Manuel Blanes'),(1241,'Juan Maria Gutierrez'),(1242,'Juan Mora Fernandez'),(1243,'Juan P Calou'),(1244,'Juan Pablo Duarte'),(1245,'Juan Pablo Lopez'),(1246,'Juan Ramirez De Velasco'),(1247,'Juan Sebastian Bach'),(1248,'Juan Vucetich'),(1249,'Juana Azurduy'),(1250,'Juana De Arco'),(1251,'Juana De Ibarbourou'),(1252,'Juana Manso'),(1253,'Juana Manuela Gorriti'),(1254,'Juez Estrada'),(1255,'Juez Magnaud'),(1256,'Juez Tedin'),(1257,'Jufre'),(1258,'Julian Aguirre'),(1259,'Julieta Lanteri'),(1260,'Julio S Dantas'),(1261,'Julio Troxler'),(1262,'Juncal'),(1263,'Junin'),(1264,'Juramento'),(1265,'Justo A Suarez'),(1266,'King'),(1267,'La Blanqueada'),(1268,'La Cachila'),(1269,'La Calandria'),(1270,'La Capital'),(1271,'La Cautiva'),(1272,'La Comuna'),(1273,'La Conquista'),(1274,'La Constancia'),(1275,'La Cordillera'),(1276,'La Diligencia'),(1277,'La Espiga'),(1278,'La Estrella'),(1279,'La Facultad'),(1280,'La Fontaine'),(1281,'La Fronda'),(1282,'La Galera'),(1283,'La Garza'),(1284,'La Gloria'),(1285,'La Haya'),(1286,'La Huella'),(1287,'La Huerta'),(1288,'La Madreselva'),(1289,'La Marea'),(1290,'La Mesopotamia'),(1291,'La Nave'),(1292,'La NiÑA'),(1293,'La Pampa'),(1294,'La Pinta'),(1295,'La PorteÑA'),(1296,'La Quena'),(1297,'La Rioja'),(1298,'La Santa Maria'),(1299,'La Selva'),(1300,'La Trilla'),(1301,'Lacarra'),(1302,'Ladines'),(1303,'Lafayette'),(1304,'Lafinur'),(1305,'Lagos'),(1306,'Lagrange'),(1307,'Laguna'),(1308,'Lambare'),(1309,'Lancheros Del Plata'),(1310,'Lanin'),(1311,'Lanus'),(1312,'Lanza'),(1313,'Lapacho'),(1314,'Laplace'),(1315,'Laprida'),(1316,'Larraya'),(1317,'Larrea'),(1318,'Larsen'),(1319,'Las Acacias'),(1320,'Las Bases'),(1321,'Las Casas'),(1322,'Las Colonias'),(1323,'Las Flores'),(1324,'Las Indias'),(1325,'Las Palmas'),(1326,'Las Provincias'),(1327,'Las Tunas'),(1328,'Lascano'),(1329,'Lastra'),(1330,'Laureles Argentinos'),(1331,'Lausana'),(1332,'Lautaro'),(1333,'Lavadero'),(1334,'Lavalle'),(1335,'Lavalleja'),(1336,'Lavarden'),(1337,'Lavoisier'),(1338,'Leipzig'),(1339,'Leiva'),(1340,'Leon Pinelo'),(1341,'Leonardo Da Vinci'),(1342,'Leones'),(1343,'Leopardi'),(1344,'Leopoldo Basavilbaso'),(1345,'Leopoldo Marechal'),(1346,'Lerma'),(1347,'Lezica'),(1348,'Libertad'),(1349,'Libres'),(1350,'Libres Del Sur'),(1351,'Lima'),(1352,'Lima Este'),(1353,'Lima Oeste'),(1354,'Linneo'),(1355,'Lisboa'),(1356,'Lituania'),(1357,'Liverpool'),(1358,'Loberia'),(1359,'Lobos'),(1360,'LogroÑO'),(1361,'Lomas De Zamora'),(1362,'Londres'),(1363,'Lope De Vega'),(1364,'Los Alpes'),(1365,'Los Andes'),(1366,'Los Eucaliptos'),(1367,'Los Patos'),(1368,'Los Recuerdos'),(1369,'Los Telares'),(1370,'Los Territorios'),(1371,'Loyola'),(1372,'Lucero'),(1373,'Lucio Correa Morales'),(1374,'Luchter'),(1375,'Lugo'),(1376,'Lugones'),(1377,'Luis Alberto De Herrera'),(1378,'Luis Braille'),(1379,'Luis Dellepiane'),(1380,'Luis Gaitan'),(1381,'Luis Lagos Garcia'),(1382,'Luis Maria Drago'),(1383,'Luis Viale'),(1384,'Luna'),(1385,'Luxemburgo'),(1386,'Luzuriaga'),(1387,'Lynch'),(1388,'Lynch F Arribalzaga'),(1389,'Llavallol'),(1390,'Llerena'),(1391,'Llorente'),(1392,'M C Victorica'),(1393,'M Galvez'),(1394,'M Sanchez De Thompson'),(1395,'Macedonio Fernandez'),(1396,'Machain'),(1397,'Madariaga'),(1398,'Madero'),(1399,'Madrid'),(1400,'Magallanes'),(1401,'Magdalena'),(1402,'Mahatma Gandhi'),(1403,'Maipu'),(1404,'Maiten'),(1405,'Malabia'),(1406,'Malaga'),(1407,'Malasia'),(1408,'Maldonado'),(1409,'Malvinas Argentinas'),(1410,'Managua'),(1411,'Manco Capac'),(1412,'Mandisovi'),(1413,'Manuel A De Castro'),(1414,'Manuel Alvarez Prado'),(1415,'Manuel Arce'),(1416,'Manuel Artigas'),(1417,'Manuel De San Gines'),(1418,'Manuel Eguia'),(1419,'Manuel Garcia'),(1420,'Manuel J Samperio'),(1421,'Manuel Obarrio'),(1422,'Manuel Padilla'),(1423,'Manuel Porcel De Peralta'),(1424,'Manuel Ricardo Trelles'),(1425,'Manuel Sola'),(1426,'Manuel Ugarte'),(1427,'Manuela Pedraza'),(1428,'Manuela Saenz'),(1429,'Manzanares'),(1430,'Manzoni'),(1431,'Mar Argentino'),(1432,'Mar Del Plata'),(1433,'Mar Dulce'),(1434,'Maracaibo'),(1435,'Marcelo Gamboa'),(1436,'Marcelo T De Alvear'),(1437,'Marcos Paz'),(1438,'Marcos Sastre'),(1439,'Marcos Seguin'),(1440,'Maria Antonia De La Paz Y Figueroa'),(1441,'Maria Catalina Marchi'),(1442,'Maria Remedios Del Valle'),(1443,'Mariano Acosta'),(1444,'Mariano Acha'),(1445,'Mariano Demaria'),(1446,'Mario Bernasconi'),(1447,'Mario Bravo'),(1448,'Marsella'),(1449,'Marta Lynch'),(1450,'Martha Salotti'),(1451,'Martin A O Malharro'),(1452,'Martin Coronado'),(1453,'Martin Fierro'),(1454,'Martin Grandoli'),(1455,'Martin Pescador'),(1456,'Martin Rodriguez'),(1457,'Martinez Castro'),(1458,'Martinez De Hoz'),(1459,'Martinez Rosas'),(1460,'Martiniano Bonorino'),(1461,'Martiniano Leguizamon'),(1462,'Martires Palestinos'),(1463,'Masantonio Herminio'),(1464,'Mason'),(1465,'Mataco'),(1466,'Matanza'),(1467,'Mateo J Martinez'),(1468,'Matheu'),(1469,'Matorras'),(1470,'Matteoti Giacomo'),(1471,'Maturin'),(1472,'Maure'),(1473,'Maza'),(1474,'Mburucuya'),(1475,'Mcal A J De Sucre'),(1476,'Mcal Francisco Solano Lopez'),(1477,'Mcal Ramon Castilla'),(1478,'Mecanico Militar Leopoldo Atenzo'),(1479,'Medanos'),(1480,'Medeyros'),(1481,'Medina'),(1482,'Medrano'),(1483,'Melgar'),(1484,'Melincue'),(1485,'Membrillar'),(1486,'Mendez'),(1487,'Mendez De Andes'),(1488,'Mendoza'),(1489,'Menendez Y Pelayo'),(1490,'Mercedes'),(1491,'Metan'),(1492,'Mexico'),(1493,'Miguel A Camino'),(1494,'Miguel Angel'),(1495,'Miguel Cane'),(1496,'Miguel Couto'),(1497,'Miguel De Cervantes'),(1498,'Miguel De Unamuno'),(1499,'Migueletes'),(1500,'Milan'),(1501,'Milton'),(1502,'Miller'),(1503,'Ministro Brin'),(1504,'MiÑOnes'),(1505,'Miraflores'),(1506,'Miralla'),(1507,'Miramar'),(1508,'Miranda'),(1509,'Mirave'),(1510,'MiriÑAy'),(1511,'Miro'),(1512,'Misiones'),(1513,'Mocoreta'),(1514,'Moctezuma'),(1515,'Moises Lebensohn'),(1516,'Moldes'),(1517,'Moliere'),(1518,'Molina'),(1519,'Mom'),(1520,'Mompox'),(1521,'Monaco'),(1522,'Monasterio'),(1523,'Monroe'),(1524,'Mons G Franceschi'),(1525,'MontaÑEses'),(1526,'Monte'),(1527,'Monte Dinero'),(1528,'Monteagudo'),(1529,'Montenegro'),(1530,'Montesquieu'),(1531,'Montevideo'),(1532,'Montiel'),(1533,'Montreal'),(1534,'Morelos'),(1535,'Moreno'),(1536,'Moreto'),(1537,'Morlote'),(1538,'Moron'),(1539,'Morse'),(1540,'Moscu'),(1541,'Moussy'),(1542,'Mozart'),(1543,'Munich'),(1544,'MuÑEcas'),(1545,'MuÑIz'),(1546,'Murature'),(1547,'Murcia'),(1548,'Murguiondo'),(1549,'Murillo'),(1550,'Mutualismo'),(1551,'My Arturo Pedro Luisoni'),(1552,'Naciones Unidas'),(1553,'Nahuel Huapi'),(1554,'Namuncura'),(1555,'Napoles'),(1556,'Natal'),(1557,'Navarro'),(1558,'Navarro Viola'),(1559,'Nazarre'),(1560,'Necochea'),(1561,'Nemesio Trejo'),(1562,'Nepper'),(1563,'Neuquen'),(1564,'Nevada'),(1565,'Newton'),(1566,'Nicanor Mendez'),(1567,'Nicaragua'),(1568,'Nicasio OroÑO'),(1569,'Nicolas Descalzi'),(1570,'Nicolas E Videla'),(1571,'Nicolas Granada'),(1572,'Nicolas Vila'),(1573,'Niza'),(1574,'Nogoya'),(1575,'Noruega'),(1576,'Nueva York'),(1577,'Nueva Zelandia'),(1578,'Numancia'),(1579,'NuÑEz'),(1580,'ÑAnduti'),(1581,'O Brien'),(1582,'O Gorman'),(1583,'O Higgins'),(1584,'Obispo San Alberto'),(1585,'Obrero Roberto NuÑEz'),(1586,'Oceania'),(1587,'Ohm'),(1588,'Olavarria'),(1589,'Olaya'),(1590,'Olegario V Andrade'),(1591,'Olga Cosentini'),(1592,'Oliden'),(1593,'Olivieri'),(1594,'Olivos'),(1595,'Ombu'),(1596,'Oncativo'),(1597,'Onesimo Leguizamon'),(1598,'Oporto'),(1599,'Orma'),(1600,'Ortega'),(1601,'Ortiz De Ocampo'),(1602,'Oruro'),(1603,'Osaka'),(1604,'Oscar Natalio Bonavena'),(1605,'Oslo'),(1606,'Osorio'),(1607,'Ostende'),(1608,'Osvaldo Cruz'),(1609,'Otamendi'),(1610,'Otero'),(1611,'Ottawa'),(1612,'Owen'),(1613,'Pablo Curatella Manes'),(1614,'Pablo Podesta'),(1615,'Pacheco'),(1616,'Padilla'),(1617,'Padre Canavery'),(1618,'Padre Carlos Mujica'),(1619,'Padre Enrique Contardi'),(1620,'Padre Fahy'),(1621,'Padre Federico Grote'),(1622,'Padre Juan Bautista Neumann'),(1623,'Padre M L Migone'),(1624,'Padre Montes Carballo'),(1625,'Padre Vicente Rigoni'),(1626,'Paez'),(1627,'Pailebot Davison'),(1628,'Palestina'),(1629,'Palmar'),(1630,'Palpa'),(1631,'Panama'),(1632,'Pantaleon Rivarola'),(1633,'Paracas'),(1634,'Paraguay'),(1635,'Parana'),(1636,'Pareja'),(1637,'Parera'),(1638,'Paris'),(1639,'Parker'),(1640,'Paroissien'),(1641,'Parral'),(1642,'Pasaje A'),(1643,'Pasaje B'),(1644,'Pasaje C'),(1645,'Pasaje D'),(1646,'Pasaje De La Misericordia'),(1647,'Pasaje E'),(1648,'Pasaje F'),(1649,'Pasaje G'),(1650,'Pasaje H'),(1651,'Pasaje J'),(1652,'Pasaje K'),(1653,'Pasaje L'),(1654,'Pasaje Particular'),(1655,'Pasco'),(1656,'Paseo Maria Guerrero'),(1657,'Paso'),(1658,'Paso De Los Libres'),(1659,'Pasteur'),(1660,'Patagones'),(1661,'Patron'),(1662,'Paul Groussac'),(1663,'Paula Albarracin De Sarmiento'),(1664,'Paunero'),(1665,'Pavon'),(1666,'Paysandu'),(1667,'Paz Soldan'),(1668,'Pedernera'),(1669,'Pedro Agote'),(1670,'Pedro Bidegain'),(1671,'Pedro Calderon De La Barca'),(1672,'Pedro De Jerez'),(1673,'Pedro De Lujan'),(1674,'Pedro De Valdivia'),(1675,'Pedro F Zaldivar'),(1676,'Pedro Lozano'),(1677,'Pedro Moran'),(1678,'Pedro N Arata'),(1679,'Pedro Velarde'),(1680,'Pedro Zonza Briano'),(1681,'Pehuajo'),(1682,'Peiping'),(1683,'Peluffo'),(1684,'PeÑA'),(1685,'Pepiri'),(1686,'Perdriel'),(1687,'Pereyra'),(1688,'Pereyra Lucena'),(1689,'Pergamino'),(1690,'Peribebuy'),(1691,'Pernambuco'),(1692,'Perrault'),(1693,'Peru'),(1694,'Pescadores'),(1695,'Pestalozzi'),(1696,'Petrona Eyle'),(1697,'Pi Y Margall'),(1698,'Pico'),(1699,'Picheuta'),(1700,'Pichincha'),(1701,'Piedras'),(1702,'Pieres'),(1703,'Pierina Dialessi'),(1704,'Pila'),(1705,'Pilar'),(1706,'Pilcomayo'),(1707,'Pillado'),(1708,'Pinto'),(1709,'Pinzon'),(1710,'Pio Collivadino'),(1711,'Pio Rodriguez'),(1712,'Piran'),(1713,'Pirovano'),(1714,'Pitagoras'),(1715,'Pizarro'),(1716,'Pizzurno'),(1717,'Pje America'),(1718,'Pje Antonio Bermudez'),(1719,'Pje Arturo A Dresco'),(1720,'Pje Arturo Beruti'),(1721,'Pje Barolo'),(1722,'Pje Belgrano'),(1723,'Pje Bernasconi'),(1724,'Pje Burgos'),(1725,'Pje Butteler'),(1726,'Pje Carlos A Colombo'),(1727,'Pje De La Piedad'),(1728,'Pje Dr Marcelo J Fitte'),(1729,'Pje E Pettoruti'),(1730,'Pje El Ferroviario'),(1731,'Pje Europa'),(1732,'Pje Eustaquio Cambieses'),(1733,'Pje Ignacio Fermin Rodriguez'),(1734,'Pje Juan Pedro Esnaola'),(1735,'Pje La Mar'),(1736,'Pje Los Pirineos'),(1737,'Pje Marcoartu'),(1738,'Pje Norte'),(1739,'Pje Pablo Giorello'),(1740,'Pje Peatonal Arjonilla'),(1741,'Pje Pedro Laredo'),(1742,'Pje Roverano'),(1743,'Pje San Carlos'),(1744,'Pje Sastre'),(1745,'Pje Suizo'),(1746,'Pje Torres'),(1747,'Pje Ushuaia'),(1748,'Pje Valle'),(1749,'Pje Victoria'),(1750,'Pjep Antonio Vespucio Liberti'),(1751,'Pjep Artisans Rue Des'),(1752,'Pjep Del Angel Gris'),(1753,'Pjep Dr Urquiza'),(1754,'Pjep Freire'),(1755,'Pjep Galeria Juan De Garay'),(1756,'Pjep Hugo Del Carril'),(1757,'Pjep Sarmiento'),(1758,'Placido Martinez'),(1759,'Planes'),(1760,'Plaza'),(1761,'Plumerillo'),(1762,'Plus Ultra'),(1763,'Plutarco'),(1764,'Pola'),(1765,'Policarpo Mom'),(1766,'Polonia'),(1767,'Portela'),(1768,'Portillo'),(1769,'Portugal'),(1770,'Posadas'),(1771,'Posta'),(1772,'Posta De Hornillos'),(1773,'Potosi'),(1774,'Practico Poliza'),(1775,'Praga'),(1776,'Prefectura Naval Argentina'),(1777,'Prelado Don Buenaventura Risso Patron'),(1778,'Pres Camilo Torres Y Tenorio'),(1779,'Pres Eduardo V Haedo'),(1780,'Pres Jose Evaristo Uriburu'),(1781,'Pres Luis Saenz PeÑA'),(1782,'Prilidiano Pueyrredon'),(1783,'Primera Junta'),(1784,'Pringles'),(1785,'Prof Dr Pedro Chutro'),(1786,'Prometeo'),(1787,'Provincias Unidas'),(1788,'Puan'),(1789,'Puente Del Inca'),(1790,'Puerto De Palos'),(1791,'Puerto Principe'),(1792,'Pujol'),(1793,'Pumacahua'),(1794,'Puna'),(1795,'Quebracho'),(1796,'Querandies'),(1797,'Querol'),(1798,'Quesada'),(1799,'Quevedo'),(1800,'Quilmes'),(1801,'Quintana'),(1802,'Quintino Bocayuva'),(1803,'Quirno'),(1804,'Quiros'),(1805,'Quito'),(1806,'	R Cunninghame Graham	'),(1807,'	Rafael Hernandez	'),(1808,'	Rafaela	'),(1809,'	Ramallo	'),(1810,'	Ramon Y Cajal	'),(1811,'	Ramos Mejia	'),(1812,'	Ramsay	'),(1813,'	Ranqueles	'),(1814,'	Rastreador Fournier	'),(1815,'	Rauch	'),(1816,'	Raulet	'),(1817,'	Raulies	'),(1818,'	Rawson	'),(1819,'	Reconquista	'),(1820,'	Recuerdos De Prov	'),(1821,'	Regina Pacini De Alvear	'),(1822,'	Remedios	'),(1823,'	Remedios De Escalada S Martin	'),(1824,'	Renacimiento	'),(1825,'	Renan	'),(1826,'	Renque Cura	'),(1827,'	Rep Arabe Siria	'),(1828,'	Rep De Eslovenia	'),(1829,'	Rep De Indonesia	'),(1830,'	Rep De La India	'),(1831,'	Rep De San Marino	'),(1832,'	Rep Del Libano	'),(1833,'	Republica	'),(1834,'	Republica Dominicana	'),(1835,'	Resurreccion	'),(1836,'	Ricardo Guiraldes	'),(1837,'	Ricardo Gutierrez	'),(1838,'	Ricardo Monner Sans	'),(1839,'	Ricardo Palma	'),(1840,'	Riglos	'),(1841,'	Rincon	'),(1842,'	Rio Colorado	'),(1843,'	Rio Cuarto	'),(1844,'	Rio De Janeiro	'),(1845,'	Rio Grande	'),(1846,'	Rio Limay	'),(1847,'	Rio Negro	'),(1848,'	Rio Piedras	'),(1849,'	Rio Salado	'),(1850,'	Riobamba	'),(1851,'	Rivera Indarte	'),(1852,'	Roberto J Payro	'),(1853,'	Roberto M Ortiz	'),(1854,'	Robertson	'),(1855,'	Rocamora	'),(1856,'	Rocha	'),(1857,'	Rochdale	'),(1858,'	Rodney	'),(1859,'	Rodolfo Scapino	'),(1860,'	Rodrigo De Cepeda Y Ahumada	'),(1861,'	Rodrigo De Ibarrola	'),(1862,'	Rodrigo De Triana	'),(1863,'	Rodrigo Ortiz De Zarate	'),(1864,'	Rodriguez PeÑA	'),(1865,'	Rogelio Yrurtia	'),(1866,'	Rojas	'),(1867,'	Roma	'),(1868,'	Romero	'),(1869,'	Rondeau	'),(1870,'	Roque Gonzalez	'),(1871,'	Roque Perez	'),(1872,'	Rosalia De Castro	'),(1873,'	Rosario	'),(1874,'	Rosario De La Frontera	'),(1875,'	Rosario Vera PeÑAloza	'),(1876,'	Roseti	'),(1877,'	Rubens	'),(1878,'	Rufino	'),(1879,'	Rufino De Elizalde	'),(1880,'	Rufino Jose Cuervo	'),(1881,'	Ruiz De Los Llanos	'),(1882,'	Ruiz Huidobro	'),(1883,'	Ruiz Moreno	'),(1884,'	Rumania	'),(1885,'	Ruperto Godoy	'),(1886,'	Rusia	'),(1887,'	Russel	'),(1888,'	Ruy Diaz De Guzman	'),(1889,'S Chiola'),(1890,'Saavedra'),(1891,'Sagasta Isla'),(1892,'Saladillo'),(1893,'Salala'),(1894,'Salas'),(1895,'Salcedo'),(1896,'Salom'),(1897,'Salta'),(1898,'Salto'),(1899,'Salvigny'),(1900,'Samuel Lafone Quevedo'),(1901,'San Antonio'),(1902,'San Antonio De Areco'),(1903,'San Benito De Palermo'),(1904,'San Blas'),(1905,'San Francisco'),(1906,'San Francisco De Asis'),(1907,'San Ignacio'),(1908,'San Ireneo'),(1909,'San Jose'),(1910,'San Jose De Calasanz'),(1911,'San Juan Bautista De Lasalle'),(1912,'San Lorenzo'),(1913,'San Lucar De Barrameda'),(1914,'San Luis'),(1915,'San Luis Falucho'),(1916,'San Martin'),(1917,'San Martin De Tours'),(1918,'San Mateo'),(1919,'San Nicolas'),(1920,'San Pedro'),(1921,'San Ricardo'),(1922,'San Sebastian'),(1923,'Sanabria'),(1924,'Sanchez'),(1925,'Sanchez De Bustamante'),(1926,'Sanchez De Loria'),(1927,'Santa Catalina'),(1928,'Santa Cruz'),(1929,'Santa Elena'),(1930,'Santa Magdalena'),(1931,'Santa Maria Del Buen Aire'),(1932,'Santa Rosa'),(1933,'Santa Teresa'),(1934,'Santamarina'),(1935,'Santander'),(1936,'Santiago Calzadilla'),(1937,'Santiago Costamagna'),(1938,'Santiago De Compostela'),(1939,'Santiago De Chile'),(1940,'Santiago De Las Carreras'),(1941,'Santiago Del Estero'),(1942,'Santo Domingo'),(1943,'Santo Tome'),(1944,'Santos Dumont'),(1945,'Santos Irigoyen'),(1946,'Santos Vega'),(1947,'Sarachaga'),(1948,'Sarandi'),(1949,'Saravia'),(1950,'Saraza'),(1951,'Sarmiento'),(1952,'Sayos'),(1953,'Sdo M Santi'),(1954,'Segundo IÑIgo Carreras'),(1955,'Senillosa'),(1956,'Serrano'),(1957,'Servet'),(1958,'Severo Garcia  Grande Zequeira'),(1959,'Sevilla'),(1960,'Sgto Cabral'),(1961,'Sgto Eduardo Romero'),(1962,'Shakespeare'),(1963,'Shanghai'),(1964,'Sierra Grande'),(1965,'Silvio L Ruggieri'),(1966,'Simbron'),(1967,'Sinclair'),(1968,'Socrates'),(1969,'Sofia'),(1970,'Soldado De La Frontera'),(1971,'Soldado De La Frontera'),(1972,'Soldado De La Independencia'),(1973,'Soler'),(1974,'Solis'),(1975,'Somellera'),(1976,'Sor Juana Ines De La Cruz'),(1977,'Soria'),(1978,'Stephenson'),(1979,'Suarez'),(1980,'Sud America'),(1981,'Suecia'),(1982,'Suipacha'),(1983,'Suiza'),(1984,'Sumaca Itati'),(1985,'Sumaca Santisima Trinidad'),(1986,'Sunchales'),(1987,'Superi'),(1988,'Tabare'),(1989,'Tacuara'),(1990,'Tacuari'),(1991,'Tafi'),(1992,'Tagle'),(1993,'Talavera'),(1994,'Talcahuano'),(1995,'Tandil'),(1996,'Tapalque'),(1997,'Tarija'),(1998,'Tartagal'),(1999,'Tasso'),(2000,'Tegucigalpa'),(2001,'Tejedor'),(2002,'Temperley'),(2003,'Teodoro Garcia'),(2004,'Teodoro Vilardebo'),(2005,'Terrada'),(2006,'Terrero'),(2007,'Thames'),(2008,'Thompson'),(2009,'Thorne'),(2010,'Tierra Del Fuego'),(2011,'Tilcara'),(2012,'Timbo'),(2013,'Timbues'),(2014,'Timoteo Gordillo'),(2015,'Tinogasta'),(2016,'Toay'),(2017,'Tobas'),(2018,'Tokio'),(2019,'Toledo'),(2020,'Toll'),(2021,'Tomas A Le Breton'),(2022,'Tomas Alvarez De Acevedo'),(2023,'Tomas Liberti'),(2024,'Tomas Valencia'),(2025,'Tonelero'),(2026,'Torrent'),(2027,'Totoral'),(2028,'Traful'),(2029,'Treinta Y Tres Orientales'),(2030,'Trenque Lauquen'),(2031,'Tres Arroyos'),(2032,'Tres Lomas'),(2033,'Tres Sargentos'),(2034,'Treveris'),(2035,'Trieste'),(2036,'Trinidad Guevara'),(2037,'Tripoli'),(2038,'Trole'),(2039,'Tronador'),(2040,'Tte Benjamin Matienzo'),(2041,'Tte Cnl Casimiro Recuero'),(2042,'Tte Cnl Gregorio Pomar'),(2043,'Tte Gral Eduardo Racedo'),(2044,'Tte Grl Eustoquio Frias'),(2045,'Tte Grl Juan Domingo Peron'),(2046,'Tte Grl Nicolas Levalle'),(2047,'Tte Grl Pablo Ricchieri'),(2048,'Tte Manuel Felix Origone'),(2049,'Tte Manuel S Prudan'),(2050,'Tte Nav Candido De Lasala'),(2051,'Tucuman'),(2052,'Tunez'),(2053,'Tupac Amaru'),(2054,'Tupiza'),(2055,'Turin'),(2056,'Turquia'),(2057,'Tuyu'),(2058,'Tuyuti'),(2059,'Ucacha'),(2060,'Ugarteche'),(2061,'Ukrania'),(2062,'Ulrico Schmidl'),(2063,'Urdaneta'),(2064,'Urdininea'),(2065,'Uriarte'),(2066,'Uriburu'),(2067,'Urien'),(2068,'Uruguay'),(2069,'Urunday'),(2070,'Uspallata'),(2071,'Valdenegro'),(2072,'Valderrama'),(2073,'Valencia'),(2074,'Valentin Gomez'),(2075,'Valentin Virasoro'),(2076,'Valparaiso'),(2077,'Valle'),(2078,'Vallejos'),(2079,'Varela'),(2080,'Varsovia'),(2081,'Vedia'),(2082,'Velazquez'),(2083,'Venecia'),(2084,'Venezuela'),(2085,'Venialvo'),(2086,'Ventana'),(2087,'Ventura Bosch'),(2088,'Ventura De La Vega'),(2089,'Vera'),(2090,'Veracruz'),(2091,'Viamonte'),(2092,'Vicente A De Echevarria'),(2093,'Vicente De Simone'),(2094,'Vicente Fidel Lopez'),(2095,'Vicente Lopez'),(2096,'Vicente Perez Rosales'),(2097,'Victor Hugo'),(2098,'Victor Martinez'),(2099,'Victor Pissarro'),(2100,'Victoria Ocampo'),(2101,'Victoriano E Montes'),(2102,'Vidal'),(2103,'Videla Castillo'),(2104,'Vidt'),(2105,'Viejobueno'),(2106,'Viel'),(2107,'Viena'),(2108,'Vieyra'),(2109,'Vieytes'),(2110,'Vigo'),(2111,'Vilela'),(2112,'Villa De Masnou'),(2113,'Villa Juncal'),(2114,'Villanueva'),(2115,'Villarino'),(2116,'Villarroel'),(2117,'Vinchina'),(2118,'Virasoro'),(2119,'Virgilio'),(2120,'Virrey Arredondo'),(2121,'Virrey Aviles'),(2122,'Virrey Cevallos'),(2123,'Virrey Cisneros'),(2124,'Virrey Del Pino'),(2125,'Virrey Liniers'),(2126,'Virrey Loreto'),(2127,'Virrey Melo'),(2128,'Virrey Olaguer Y Feliu'),(2129,'Virreyes'),(2130,'Vito Dumas'),(2131,'Volta'),(2132,'Voltaire'),(2133,'Vuelta De Obligado'),(2134,'Wagner'),(2135,'Washington'),(2136,'Wenceslao VillafaÑE'),(2137,'White'),(2138,'William C Morris'),(2139,'Yapeyu'),(2140,'Yatay'),(2141,'Yerbal'),(2142,'Yerua'),(2143,'Yrupe'),(2144,'Yugoslavia'),(2145,'Zabala'),(2146,'Zado'),(2147,'Zamudio'),(2148,'ZaÑArtu'),(2149,'Zapala'),(2150,'Zapata'),(2151,'Zapiola'),(2152,'Zarate'),(2153,'Zarraga'),(2154,'Zavaleta'),(2155,'Zavalia'),(2156,'Zelada'),(2157,'Zelarrayan'),(2158,'Zelaya'),(2159,'Zenteno'),(2160,'Zepita'),(2161,'Zinny'),(2162,'Zurich'),(2163,'Zuviria'),(2164,'Av. Riestra');
/*!40000 ALTER TABLE `calles` ENABLE KEYS */;
UNLOCK TABLES;

--
-- Table structure for table `consultorio`
--

DROP TABLE IF EXISTS `consultorio`;
/*!40101 SET @saved_cs_client     = @@character_set_client */;
/*!40101 SET character_set_client = utf8 */;
CREATE TABLE `consultorio` (
  `id_consultorio` int(11) NOT NULL AUTO_INCREMENT,
  `calle` text COLLATE utf8_spanish_ci NOT NULL,
  `numero` int(8) NOT NULL,
  `zona` int(3) NOT NULL,
  `localidad` int(3) NOT NULL,
  `especialidad` int(3) NOT NULL,
  `nombre_medico` text COLLATE utf8_spanish_ci NOT NULL,
  `telefono` varchar(16) COLLATE utf8_spanish_ci NOT NULL,
  `latitud` decimal(20,10) NOT NULL,
  `longitud` decimal(20,10) NOT NULL,
  PRIMARY KEY (`id_consultorio`)
) ENGINE=MyISAM AUTO_INCREMENT=79 DEFAULT CHARSET=utf8 COLLATE=utf8_spanish_ci;
/*!40101 SET character_set_client = @saved_cs_client */;

--
-- Dumping data for table `consultorio`
--

LOCK TABLES `consultorio` WRITE;
/*!40000 ALTER TABLE `consultorio` DISABLE KEYS */;
INSERT INTO `consultorio` VALUES (6,'Av Rivadavia',5012,1,61,1,'Caraduje, Silvia Adriana','(011) 4903-2794','-34.6183996000','-58.4365818000'),(7,'Otamendi',629,1,61,1,'Cialzeta, Domingo','(011) 4981-7816','-34.6094047000','-58.4344030000'),(8,'Av Rivadavia',5748,1,61,1,'Ferolla, Fausto','(011) 4432-7984','-34.6226643000','-58.4464357000'),(9,'Moldes',4428,1,83,2,'Amorosino, Alicia','(011) 4701-9515','-34.5435275000','-58.4749344000'),(10,'Av Corrientes',1515,1,259,2,'Baler, Aaròn','(011) 4374-3400','-34.6040957000','-58.3881037000'),(11,'Av. Riestra',5950,1,93,2,'Centro Medico Dr. Sole','(011) 4638-7804','-34.6789039000','-58.4770121000'),(12,'Av Pedro Goyena',551,1,61,3,'Bodas, Adolfo','(011) 4925-6666','-34.6259101000','-58.4352629000'),(13,'Virrey Arredondo',2474,1,58,3,'Lacher, Alicia Noemi','(011)4781-8746','-34.5678632000','-58.4514964000'),(14,'Rosario',17,1,61,3,'Testa, Mabel Patricia','(011) 4901-9123','-34.6183500000','-58.4288013000'),(15,'Riobamba',1205,1,260,4,'Blaquier, Jorge','(011) 4811-7575','-34.6037232000','-58.3815931000'),(16,'Junin ',632,1,261,4,'Terradas, Claudio Marcial','(011) 4954-1478','-34.6018114000','-58.3970573000'),(17,'Larrea',1147,1,260,4,'Vazquez, Jose','(011) 4823 - 078','-34.6037232000','-58.3815931000'),(18,'Arenales',3048,1,75,5,'Almada, Horacio Enrique','(011) 4821 -7297','-34.5898268000','-58.4075358000'),(20,'Marcos Paz',3478,1,91,5,'Bon, Aurelio Carmelo Aquiles','(011) 4501-0650','-34.6076073000','-58.5140807000'),(21,'Ciudad De La Paz',1721,1,58,6,'Chan, Maria','(011) 4788 -9345','-34.5661139000','-58.4546681000'),(22,'Virgilio',65,1,94,6,'Fernandez, Mariano Javier','(011) 4683 - 997','-34.6370293000','-58.5010301000'),(23,'Av Rivadavia',10444,1,69,6,'Gentile, Jorge Luis','(011) 4643 - 142','-34.6392107000','-58.5106404000'),(24,'Azcuenaga',1014,1,81,7,'Vaccarino, Guillermo','0810-888-8876','-34.5965453000','-58.4002040000'),(26,'Junin',1276,1,81,8,'Kreutzer, Christian','(011) 4826 - 928','-34.5933920000','-58.3969452000'),(27,'French',3571,1,75,9,'Laham, Marcelo Oscar','(011) 4801 - 428','-34.5834227000','-58.4111953000'),(28,'Juncal',1177,1,81,9,'Padin, Ruben Osvaldo','(011) 4811 - 228','-34.5928196000','-58.3840726000'),(29,'Montevideo',979,1,259,9,'Pestelli, Ricardo Gustavo','(011) 4811 - 356','-34.5974613000','-58.3897407000'),(30,'Av Corrientes',1965,1,262,10,'Dipietro, Antonio','(011) 4953 - 847','-34.6037232000','-58.3815931000'),(31,'Dr Enrique Finochietto',863,1,65,10,'Rivero, Hector Manuel','(011) 4307 - 701','-34.6304894000','-58.3759955000'),(33,'Av Coronel Diaz',2155,1,75,12,'Bigliani Maria Fernanda','(011) 4826 - 023','-34.5870127000','-58.4086102000'),(34,'CerviÑO',4449,1,75,12,'Castagneto, Gustavo Horacio','(011) 4775 -7992','-34.5761120000','-58.4205937000'),(35,'Parana',980,1,259,12,'De Vedia y Mitre, Emilio','(011)  4812-8418','-34.5973758000','-58.3882781000'),(36,'Posadas',1488,1,81,13,'Aguilar, Delio','(011)  4812-6381','-34.5876389000','-58.3869506000'),(37,'Lavalleja',297,1,89,13,'Arrigazi, Enrique','(011) 4854 -1299','-34.6015204000','-58.4353781000'),(38,'Arcos',2345,1,58,0,'Cervio, Guillermo','(011) 4782 -2781','-34.5580699000','-58.4558279000'),(39,'Av Coronel Diaz',2155,1,75,15,'Bigliani Maria Fernanda','(011) 4826 -0235','-34.5870127000','-58.4086102000'),(40,'Av Olazabal',5217,1,101,15,'Gonzalez Dodero, Hugo','(011) 4522 -2274','-34.5772451000','-58.4872380000'),(41,'Senillosa',220,1,61,16,'Abritta, Gloria Elsa','(011)  4903-0292','-34.6187005000','-58.4299029000'),(42,'Barca Cabo De Hornos',6518,1,70,16,'Aksarlian, Tomas','(011)  4601-6221','-34.6791622000','-58.4883015000'),(43,'Vuelta De Obligado',2632,1,58,16,'Altamira, Angel','(011) 4785 -3514','-34.5564886000','-58.4599956000'),(44,'Colombres',1044,1,60,16,'Arata, Armando','(011)  4957-0215','-34.6262973000','-58.4175602000'),(45,'Av Santa Fe',2843,1,81,18,'Alma, Viviana Luisa','(011) 4823 - 272','-34.5921970000','-58.4065331000'),(46,'Mendoza',2281,1,58,18,'Apicella, Yolanda Graciela','(011)  4787-9508','-34.5603756000','-58.4563501000'),(47,'Arenales',1446,1,81,18,'Cohen Sabban, Emilia Noemi','(011)  4811-2948','-34.5946728000','-58.3878799000'),(48,'Amenabar',1526,1,58,18,'Cozzi, Rodolfo','(011)  4781-3978','-34.5681860000','-58.4536685000'),(49,'Lavalle',1735,1,259,19,'Aragon, Alba Agustina','(011) 4371 - 720','-34.6031073000','-58.3915901000'),(50,'PeÑA',2114,1,81,19,'Barquin, Matia Antonia','(011)  4806-4655','-34.5917502000','-58.3960929000'),(51,'Cramer',1765,1,58,19,'Stefano, Paola Cecilia','(011)  4786-8832','-34.5681005000','-58.4583648000'),(52,'Larrea',1035,1,260,20,'Cazado, Enrique Carlos','(011)  4822-6356','-34.6037232000','-58.3815931000'),(53,'Echeverria',2782,1,58,20,'Guerra, Graciela Miriam','(011) 4781 - 520','-34.5650430000','-58.4593778000'),(54,'Libertad',1154,1,259,20,'Norton, Juan Manuel','(011)  4813-8785','-34.5949605000','-58.3843747000'),(55,'Medrano',421,1,55,21,'Azaretzky, Miriam','(011)  4864-4143','-34.6057785000','-58.4212509000'),(56,'Ayacucho',1741,1,81,21,'Campeni, Susana Beatriz','(011)  4511-6481','-34.5897251000','-58.3915058000'),(57,'Tucuman',2181,1,262,21,'Nigro, Nora','(011)  4951-5730','-34.6037232000','-58.3815931000'),(58,'Av Santa Fe',3946,1,75,22,'Altclas Javier y Equipo','(011)  4832-6044','-34.5830219000','-58.4190686000'),(59,'Av Corrientes',1965,1,259,22,'Benchetrit, Guillermo','(011)  4953-5051','-34.6044782000','-58.3947874000'),(60,'Juncal',2990,1,75,22,'Botas Ruta, Maria Alicia','(011)  4823-3183','-34.5873371000','-58.4073460000'),(61,'Avenida Callao',2349,1,56,22,'Rozenek, Miriam Fabiana','(011) 4371-4962','-34.6039370000','-58.3923234000'),(62,'Lavalle',1735,1,259,24,'Aragon, Alba Agustina','(011)  4371-7270','-34.6031073000','-58.3915901000'),(63,'Av Raul Scalabrini Ortiz',2356,1,75,24,'Godoy Burky, Norma','(011)  4831-9842','-34.5864642000','-58.4180387000'),(64,'Av Del Libertador',8334,1,74,25,'Centro Medico Belgrano','(011)  4703-2300','-34.5388314000','-58.4650084000'),(65,'Av Santa Fe',2992,1,75,25,'Girardi, Carlos','(011)  4790-6644','-34.5909711000','-58.4078707000'),(66,'Fray Justo Santamaria De Oro',2494,1,75,25,'Sosa Caballero, Luis','(011)  4773-6629','-34.5793840000','-58.4244646000'),(67,'Jose A Pacheco De Melo',2475,1,81,26,'Bondi, Jose Luis','(011)  4806-1801','-34.5878767000','-58.3995794000'),(68,'Silvio L Ruggieri',2733,1,75,26,'Botto, Carlos Gustavo','(011)  4801-1064','-34.5824832000','-58.4080207000'),(69,'Paraguay',2302,1,81,26,'Cresta, Miguel Angel','(011)  4963-8583','-34.5980004000','-58.4007059000'),(73,'Av Santa Fe',2245,1,260,5,'Barrangu, Sandra Cecil','(011) 4823 - 833','-34.5952726000','-58.3990785000'),(74,'Av Santa Fe',2992,1,260,7,'Girardi, Carlos','(011) 4790 - 664','-34.5909711000','-58.4078707000');
/*!40000 ALTER TABLE `consultorio` ENABLE KEYS */;
UNLOCK TABLES;

--
-- Table structure for table `especialidad`
--

DROP TABLE IF EXISTS `especialidad`;
/*!40101 SET @saved_cs_client     = @@character_set_client */;
/*!40101 SET character_set_client = utf8 */;
CREATE TABLE `especialidad` (
  `id_esp` int(11) NOT NULL AUTO_INCREMENT,
  `descripcion` text COLLATE utf8_spanish_ci NOT NULL,
  PRIMARY KEY (`id_esp`)
) ENGINE=MyISAM AUTO_INCREMENT=95 DEFAULT CHARSET=utf8 COLLATE=utf8_spanish_ci;
/*!40101 SET character_set_client = @saved_cs_client */;

--
-- Dumping data for table `especialidad`
--

LOCK TABLES `especialidad` WRITE;
/*!40000 ALTER TABLE `especialidad` DISABLE KEYS */;
INSERT INTO `especialidad` VALUES (1,'Adolescencia Y Pubertad'),(2,'Alergia'),(3,'Alergia Infantil'),(4,'Andrologia'),(5,'Cardiologia'),(6,'Cardiologia Infantil'),(7,'Cirugia Cardiovascular'),(8,'Cirugia Cardiovascular Infantil'),(9,'Cirugia De Cabeza Y Cuello'),(10,'Cirugia De Torax'),(11,'Cirugia De Torax Infantil'),(12,'Cirugia General'),(13,'Cirugia Infantil'),(14,'Cirugia Plastica Reparadora'),(15,'Cirugia Vascular Periferica'),(16,'Clinica Medica'),(17,'Coordinador Clinico'),(18,'Dermatologia'),(19,'Dermatologia Infantil'),(20,'Endocrinologia'),(21,'Endocrinologia Infantil'),(22,'Enfermedades Infecciosas'),(23,'Enfermedades Infecciosas Infantiles'),(24,'Estomatologia'),(25,'Flebologia'),(26,'Gastroenterologia'),(27,'Gastroenterologia Diagnostica(Endoscopia)'),(28,'Gastroenterologia Infantil'),(29,'Gerontologia'),(30,'Ginecologia'),(31,'Ginecologia Infanto Juvenil'),(32,'Hematologia'),(33,'Hematologia Infantil'),(34,'Nefrologia'),(35,'Nefrologia Infantil'),(36,'Neumonologia'),(37,'Neumonologia Infantil'),(38,'Neurocirugia'),(39,'Neurocirugia Infantil'),(40,'Neurologia'),(41,'Nutricion'),(42,'Obstetricia'),(43,'Oftalmologia'),(44,'Oftalmologia Infantil'),(45,'Oncologia'),(46,'Oncologia Infantil'),(47,'Otorrinolaringologia'),(48,'Otorrinolaringologia Infantil'),(49,'Patologia Mamaria'),(50,'Pediatria'),(51,'Proctologia'),(52,'Reumatologia'),(53,'Reumatologia Infantil'),(54,'Traumatologia Maxilo Facial'),(55,'Traumatologia Y Ortopedia'),(56,'Traumatologia Y Ortopedia Infantil'),(57,'Urologia'),(59,'Neurologia Infantil'),(92,'Cirugia Traumatologica'),(93,'Nutricion Infantil'),(94,'Urologia Infantil');
/*!40000 ALTER TABLE `especialidad` ENABLE KEYS */;
UNLOCK TABLES;

--
-- Table structure for table `localidad`
--

DROP TABLE IF EXISTS `localidad`;
/*!40101 SET @saved_cs_client     = @@character_set_client */;
/*!40101 SET character_set_client = utf8 */;
CREATE TABLE `localidad` (
  `id_localidad` int(11) NOT NULL AUTO_INCREMENT,
  `id_zona` int(11) NOT NULL,
  `descripcion` text COLLATE utf8_spanish_ci NOT NULL,
  PRIMARY KEY (`id_localidad`)
) ENGINE=MyISAM AUTO_INCREMENT=264 DEFAULT CHARSET=utf8 COLLATE=utf8_spanish_ci;
/*!40101 SET character_set_client = @saved_cs_client */;

--
-- Dumping data for table `localidad`
--

LOCK TABLES `localidad` WRITE;
/*!40000 ALTER TABLE `localidad` DISABLE KEYS */;
INSERT INTO `localidad` VALUES (1,3,'Acassuso'),(2,3,'Beccar'),(3,3,'Benavidez'),(4,3,'Boulogne'),(5,3,'Carapachay'),(6,3,'Del viso'),(7,3,'Don torcuato'),(8,3,'El talar'),(9,3,'Escobar'),(10,3,'Florida'),(11,3,'Garin'),(12,3,'General Pacheco'),(13,3,'Ingeniero Maschwitz'),(14,3,'La lucila'),(15,3,'Martinez'),(16,3,'Matheu'),(17,3,'Munro'),(18,3,'Olivos'),(19,3,'Pilar'),(20,3,'San Fernando'),(21,3,'San Isidro'),(22,3,'Tigre'),(23,3,'Tortuguitas'),(24,3,'Vicente Lopez'),(25,3,'Victoria'),(26,3,'Villa Adelina'),(27,3,'Villa Martelli'),(28,3,'Virreyes'),(29,2,'Bella Vista'),(30,2,'Caseros'),(31,2,'El Palomar'),(32,2,'Grand Bourg'),(33,2,'hurlingham'),(34,2,'Josè C. Paz'),(35,2,'Jose Leon Suares'),(36,2,'Los Polvorines'),(37,2,'Martin Coronado'),(38,2,'Muñiz'),(39,2,'Pablo Podesta'),(40,2,'Saenz Peña'),(41,2,'San Andres'),(42,2,'San Martin'),(43,2,'San Miguel'),(44,2,'Santos Lugares'),(45,2,'Villa Ballester'),(46,2,'Villa Bosch'),(47,2,'Villa Linch'),(48,2,'Villa Loma Hermosa'),(49,2,'Villa Maipu'),(50,2,'Williams C. Morris'),(54,1,'Agronomía'),(55,1,'Almagro'),(56,1,'Balvanera'),(57,1,'Barracas'),(58,1,'Belgrano'),(59,1,'Boca'),(60,1,'Boedo'),(61,1,'Caballito'),(62,1,'Chacarita'),(63,1,'Coghlan'),(64,1,'Colegiales'),(65,1,'Constitución'),(66,1,'Flores'),(67,1,'Floresta'),(68,1,'La Paternal'),(69,1,'Liniers'),(70,1,'Mataderos'),(71,1,'Monserrat'),(72,1,'Monte Castro'),(73,1,'Nueva Pompeya'),(74,1,'Núñez'),(75,1,'Palermo'),(76,1,'Parque Avellaneda'),(77,1,'Parque Chacabuco'),(78,1,'Parque Chas'),(79,1,'Parque Patricios'),(80,1,'Puerto Madero'),(81,1,'Recoleta'),(82,1,'Retiro'),(83,1,'Saavedra'),(84,1,'San Cristóbal'),(85,1,'San Nicolás'),(86,1,'San Telmo'),(87,1,'Vélez Sársfield'),(88,1,'Versalles'),(89,1,'Villa Crespo'),(90,1,'Villa del Parque'),(91,1,'Villa Devoto'),(92,1,'Villa Gral. Mitre'),(93,1,'Villa Lugano'),(94,1,'Villa Luro'),(95,1,'Villa Ortúzar'),(96,1,'Villa Pueyrredón'),(97,1,'Villa Real'),(98,1,'Villa Riachuelo'),(99,1,'Villa Santa Rita'),(100,1,'Villa Soldati'),(101,1,'Villa Urquiza'),(102,4,'Aldo Bonzi'),(103,4,'Castelar'),(104,4,'Ciudadela'),(105,4,'Ciudad Evita'),(106,4,'Gonzalez Catan'),(107,4,'Gregorio de Laferre'),(108,4,'Haedo'),(109,4,'Isidro Casanova'),(110,4,'Ituzaingo'),(111,4,'La Tablada'),(112,4,'La Reja'),(113,4,'Libertad'),(114,4,'Lomas del Mirador'),(115,4,'Marcos Paz'),(116,4,'Mariano Acosta'),(117,4,'Merlo'),(118,4,'Moreno'),(119,4,'Moron'),(120,4,'Paso del Rey'),(121,4,'Pontevedra'),(122,4,'Rafael Castillo'),(123,4,'Ramos Mejia'),(124,4,'San Antonio de Padua'),(125,4,'San Justo'),(126,4,'Tapiales'),(127,4,'Villa Celina'),(128,4,'Villa Insuperable'),(129,4,'Villa Madero'),(130,4,'Villa Tesei'),(215,5,'Adrogue'),(216,5,'Alejandro Korn'),(217,5,'Avellaneda'),(218,5,'Banfield'),(219,5,'Berazategui'),(220,5,'Bernal'),(221,5,'Burzaco'),(222,5,'Canning'),(223,5,'Cañuelas'),(224,5,'Carlos Spegazzini'),(225,5,'Claypole'),(226,5,'Dock Sud'),(227,5,'Don Bosco'),(228,5,'Esteban Echeverria'),(229,5,'Ezeiza'),(230,5,'Ezpeleta'),(231,5,'Florencio Varela'),(232,5,'Gerli'),(233,5,'Glew'),(234,5,'Guernica'),(235,5,'Jose Marmol'),(236,5,'La Salada'),(237,5,'Lanus'),(238,5,'Lomas de Zamora'),(239,5,'Longchamps'),(240,5,'Luis Guillon'),(241,5,'Llavallol'),(242,5,'Maximo Paz'),(243,5,'Monte Grande'),(244,5,'Pyñeyro'),(245,5,'Quilmes'),(246,5,'Rafael Calzada'),(247,5,'Ranelagh'),(248,5,'Remedios de Escalada'),(249,5,'San Francisco Solano'),(250,5,'San Vicente'),(251,5,'Sarandi'),(252,5,'Temperley'),(253,5,'Tristan Suarez'),(254,5,'Turdera'),(255,5,'Union Ferroviaria'),(256,5,'Valentin Alsina'),(257,5,'Villa Dominico'),(258,5,'Wilde'),(259,1,'Centro'),(260,1,'Barrio Norte'),(261,1,'Once'),(262,1,'Congreso'),(263,1,'Primera Junta');
/*!40000 ALTER TABLE `localidad` ENABLE KEYS */;
UNLOCK TABLES;

--
-- Table structure for table `zona_especialidad`
--

DROP TABLE IF EXISTS `zona_especialidad`;
/*!40101 SET @saved_cs_client     = @@character_set_client */;
/*!40101 SET character_set_client = utf8 */;
CREATE TABLE `zona_especialidad` (
  `id_zona_esp` int(11) NOT NULL AUTO_INCREMENT,
  `id_zona` int(11) NOT NULL,
  `id_especialidad` int(11) NOT NULL,
  PRIMARY KEY (`id_zona_esp`)
) ENGINE=MyISAM AUTO_INCREMENT=205 DEFAULT CHARSET=utf8 COLLATE=utf8_spanish_ci;
/*!40101 SET character_set_client = @saved_cs_client */;

--
-- Dumping data for table `zona_especialidad`
--

LOCK TABLES `zona_especialidad` WRITE;
/*!40000 ALTER TABLE `zona_especialidad` DISABLE KEYS */;
INSERT INTO `zona_especialidad` VALUES (2,1,1),(3,1,2),(4,1,3),(5,1,4),(6,1,5),(7,1,6),(8,1,7),(9,1,8),(10,1,9),(11,1,10),(12,1,11),(13,1,12),(14,1,13),(15,1,14),(16,1,15),(17,1,16),(18,1,17),(19,1,18),(20,1,19),(21,1,20),(22,1,21),(23,1,22),(24,1,23),(25,1,24),(26,1,25),(27,1,26),(28,1,27),(29,1,28),(30,1,29),(31,1,30),(32,1,31),(33,1,32),(34,1,33),(35,1,34),(36,1,35),(37,1,36),(38,1,37),(39,1,38),(40,1,39),(41,1,40),(42,1,41),(43,1,42),(44,1,43),(45,1,44),(46,1,45),(47,1,46),(48,1,47),(49,1,48),(50,1,49),(51,1,50),(52,1,51),(53,1,52),(54,1,53),(55,1,54),(56,1,55),(57,1,56),(58,1,57),(59,1,58),(60,1,59),(63,2,2),(64,2,3),(65,2,4),(66,2,5),(67,2,6),(68,2,7),(69,2,9),(70,2,10),(71,2,12),(72,2,13),(73,2,16),(74,2,18),(75,2,26),(76,2,30),(77,2,36),(78,2,37),(79,2,38),(80,2,40),(81,2,59),(82,2,41),(83,2,42),(84,2,43),(85,2,44),(86,2,47),(87,2,48),(88,2,49),(89,2,50),(90,2,51),(91,2,52),(92,2,55),(93,2,56),(94,2,57),(95,3,2),(96,3,4),(97,3,5),(98,3,6),(99,3,7),(100,3,10),(101,3,12),(102,3,13),(103,3,92),(104,3,15),(105,3,16),(106,3,18),(107,3,19),(108,3,20),(109,3,21),(110,3,26),(111,3,28),(112,3,30),(113,3,31),(114,3,34),(115,3,35),(116,3,36),(117,3,37),(118,3,40),(119,3,59),(120,3,41),(121,3,42),(122,3,43),(123,3,44),(124,3,47),(125,3,48),(126,3,49),(127,3,50),(128,3,51),(129,3,52),(130,3,55),(131,3,56),(132,3,57),(133,4,2),(134,4,5),(135,4,6),(136,4,12),(137,4,13),(138,4,15),(139,4,16),(140,4,18),(141,4,19),(142,4,20),(143,4,21),(144,4,24),(145,4,26),(146,4,30),(147,4,32),(148,4,33),(149,4,35),(150,4,36),(151,4,37),(152,4,40),(153,4,59),(154,4,41),(155,4,42),(156,4,43),(157,4,47),(158,4,48),(159,4,49),(160,4,50),(161,4,51),(162,4,52),(163,4,55),(164,4,56),(165,4,57),(166,5,1),(167,5,2),(168,5,3),(169,5,5),(170,5,6),(171,5,12),(172,5,13),(173,5,15),(174,5,16),(175,5,18),(176,5,19),(177,5,20),(178,5,21),(179,5,23),(180,5,26),(181,5,28),(182,5,30),(183,5,32),(184,5,34),(185,5,35),(186,5,36),(187,5,37),(188,5,40),(189,5,59),(190,5,41),(191,5,93),(192,5,42),(193,5,43),(194,5,44),(195,5,47),(196,5,48),(197,5,49),(198,5,50),(199,5,51),(200,5,52),(201,5,55),(202,5,56),(203,5,57),(204,5,94);
/*!40000 ALTER TABLE `zona_especialidad` ENABLE KEYS */;
UNLOCK TABLES;

--
-- Table structure for table `zonas`
--

DROP TABLE IF EXISTS `zonas`;
/*!40101 SET @saved_cs_client     = @@character_set_client */;
/*!40101 SET character_set_client = utf8 */;
CREATE TABLE `zonas` (
  `id` int(11) NOT NULL AUTO_INCREMENT,
  `zona` text COLLATE utf8_spanish_ci NOT NULL,
  PRIMARY KEY (`id`)
) ENGINE=MyISAM AUTO_INCREMENT=6 DEFAULT CHARSET=utf8 COLLATE=utf8_spanish_ci;
/*!40101 SET character_set_client = @saved_cs_client */;

--
-- Dumping data for table `zonas`
--

LOCK TABLES `zonas` WRITE;
/*!40000 ALTER TABLE `zonas` DISABLE KEYS */;
INSERT INTO `zonas` VALUES (1,'Ciudad de Buenos Aires'),(2,'Zona Noroeste'),(3,'Zona Norte'),(4,'Zona Oeste'),(5,'Zona Sur');
/*!40000 ALTER TABLE `zonas` ENABLE KEYS */;
UNLOCK TABLES;
/*!40103 SET TIME_ZONE=@OLD_TIME_ZONE */;

/*!40101 SET SQL_MODE=@OLD_SQL_MODE */;
/*!40014 SET FOREIGN_KEY_CHECKS=@OLD_FOREIGN_KEY_CHECKS */;
/*!40014 SET UNIQUE_CHECKS=@OLD_UNIQUE_CHECKS */;
/*!40111 SET SQL_NOTES=@OLD_SQL_NOTES */;

-- Dump completed on 2013-03-05 16:29:58
